"Date","Day","Module / Feature","Tasks Completed","Deliverables / Files Modified","Status","Hours"
"2026-05-19","Tuesday","Project Setup & Environment Configurations","Initialized NestJS framework codebase, set up global configurations, configured PostgreSQL database connection using Prisma ORM, created global ValidationPipe for API payloads, and defined .env variables.","prisma.config.ts, src/prisma/prisma.service.ts, src/app.module.ts, src/main.ts, .env.example","Completed",8
"2026-05-20","Wednesday","Prisma Schema & B2B Database Architecture","Designed and implemented relational database schema including tables for Users, Roles/Permissions, Customers, Categories, Products, Cart/Orders, Invoices, Billing, Purchase Orders, Suppliers, and HR (Attendance/Payroll). Executed Prisma db push.","prisma/schema.prisma (updated database schema models), initial database synchronization","Completed",8
"2026-05-21","Thursday","JWT Authentication & Role-Based Access Control (RBAC)","Built B2B customer and staff registration APIs. Developed JWT authentication token issuance and validation logic. Created RolesGuard, JwtAuthGuard, and optional guards to secure sensitive resources based on user roles.","src/auth/auth.controller.ts, src/auth/auth.service.ts, src/auth/jwt.strategy.ts, src/auth/roles.guard.ts, src/auth/dto/","Completed",8
"2026-05-22","Friday","Staff Management & Customer Assignment Lifecycle","Implemented Staff Profile creation and B2B customer activation. Developed endpoints to assign customers to specific staff members, retrieve staff performance metrics, and build leaderboard endpoints.","src/staff/staff.controller.ts, src/staff/staff.service.ts, staff creation DTOs, Customer validation rules","Completed",8
"2026-05-25","Monday","Catalog & Product Management System","Implemented Category and Product CRUD operations. Created APIs for staff to manage product catalogs, upload/manage images and videos, and categorize items. Set up database indices for optimized product search.","src/category/category.controller.ts, src/category/category.service.ts, src/product/product.controller.ts, src/product/product.service.ts","Completed",8
"2026-05-26","Tuesday","Tiered B2B Wholesale Pricing Engine","Created Pricing Group models (e.g., Wholesaler, Distributor) and Pricing Setup APIs. Programmed service logic to automatically resolve customer-specific tiered pricing during product retrieval and listing.","src/pricing/pricing.controller.ts, src/pricing/pricing.service.ts, src/pricing/dto/, price calculation tests","Completed",8
"2026-05-27","Wednesday","Shopping Cart & MoQ Validation","Developed shopping cart APIs allowing customers to add, update, and remove items. Programmed validations to ensure B2B orders meet the Minimum Order Quantity (MoQ) and check active inventory limits.","src/cart/cart.controller.ts, src/cart/cart.service.ts, src/cart/dto/, MoQ validation pipeline","Completed",8
"2026-05-28","Thursday","B2B Order Checkout & Stock Reservation","Built order checkout workflow. Programmed stock reservation logic to lock items upon checkout and deduct inventory only when the order is approved. Handled status history transitions and backorder approvals.","src/order/order.controller.ts, src/order/order.service.ts, src/order/dto/, order status history logger","Completed",8
"2026-05-29","Friday","Bulk Catalog Import Module (CSV/Excel Upload)","Developed background processing for bulk catalog imports. Programmed parser to validate row-level product details, check categories, process pricing parameters, and batch insert into products and images tables.","src/import/import.controller.ts, src/import/import.service.ts, src/import/dto/","Completed",8
"2026-06-01","Monday","Purchase Orders & Stock Movement Records","Created Supplier Management and Purchase Order APIs for catalog replenishment. Developed inventory stock movements logs tracking every addition and reduction (sales, replenishments, returns) for transparency.","src/purchase-order/purchase-order.controller.ts, src/purchase-order/purchase-order.service.ts, src/purchase-order/dto/","Completed",8
"2026-06-02","Tuesday","B2B Invoicing, Payments & General Ledger","Programmed invoicing logic to automatically generate bills on approved orders. Developed double-entry ledger bookkeeping system to track accounts receivable. Implemented payment capturing and credit/debit adjustments.","src/billing/billing.controller.ts, src/billing/billing.service.ts, src/billing/dto/, Ledger & Invoice PDF schema setup","Completed",8
"2026-06-03","Wednesday","Support Tickets, Settings & Postman Verification","Developed support ticketing APIs (create, assign, resolve tickets) and setting configuration module. Prepared and executed B2B API Postman test suite, fixing route name mismatches and payload structure assertions.","src/support/support.controller.ts, src/support/support.service.ts, global configurations middleware, API_TESTING_FLOW.md update","Completed",8